COLUMNA,DESCRIPCION,TIPO_DATO,LONGITUD,CODIGO_VALIDO,METADATOS
UPM,Unidad primaria de muestreo,Varchar ,7,[0100023-3260794],Unidad primaria de muestreo
VIV_SEL,Vivienda seleccionada ,Varchar ,2,[01-42],Vivienda seleccionada 
HOGAR,Número de Hogar en la vivienda,Varchar ,2,[01-05],Número de Hogar en la vivienda
NUM_REN,Número de renglón,Varchar ,2,[01-16],Número de renglón
EDAD,Edad del elegido,Numeric,2,[0-99], 
P6_1,"6.1 En los últimos tres meses, ¿utilizó computadora, laptop o tablet en este hogar o fuera de él?",Varchar ,1,[1-2],"1 Sí, 2 No"
P6_2_1,"6.2 ¿Usted usa…
 computadora de escritorio?",Varchar ,1,[1-2],"1 Sí, 2 No"
P6_2_2,"6.2 ¿Usted usa…
 computadora portátil (laptop, notebook)?",Varchar ,1,[1-2],"1 Sí, 2 No"
P6_2_3,"6.2 ¿Usted usa…
 tablet?",Varchar ,1,[1-2],"1 Sí, 2 No"
P6_3,"6.3 ¿Por qué no utiliza computadora, laptop o tablet?",Varchar ,1,[1-8],"1 No tiene acceso a una, aunque sabe utilizarla, 2 No sabe utilizarla, 3 No le interesa o no la necesita, 4 Por falta de recursos económicos, 5 Usa su teléfono celular inteligente (Smartphone), 6 Desconoce su utilidad, 7 Por discapacidad física o mental, 8 Otra razón"
P6_3A,"6.3 ¿Por qué no utiliza computadora, laptop o tablet? 
Especifique",Varchar ,100,[A-Z], 
P6_4,"6.4 Generalmente, ¿cuántos días a la semana usa la computadora, laptop o tablet?",Varchar ,1,[1-5],"1 Diario (7 días a la semana), 2 Al menos una vez a la semana, 3 Al menos una vez al mes, 4 Al menos una vez cada tres meses, 5 Con otra frecuencia menor"
P6_5,"6.5 ¿Cuántas horas al día usa la computadora, laptop o tablet? (cuando la utiliza)",Varchar ,2,[01-12],"01 Una hora o menos, 12 Doce horas o más"
P6_6_1,"6.6 ¿Cómo aprendió a utilizar la computadora, laptop o tablet? 
Por cuenta propia",Varchar ,1,[1-2],"1 Sí, 2 No"
P6_6_2,"6.6 ¿Cómo aprendió a utilizar la computadora, laptop o tablet? 
En el trabajo",Varchar ,1,[1-2],"1 Sí, 2 No"
P6_6_3,"6.6 ¿Cómo aprendió a utilizar la computadora, laptop o tablet? 
En la escuela",Varchar ,1,[1-2],"1 Sí, 2 No"
P6_6_4,"6.6 ¿Cómo aprendió a utilizar la computadora, laptop o tablet? 
En cursos pagados fuera de la escuela",Varchar ,1,[1-2],"1 Sí, 2 No"
P6_6_5,"6.6 ¿Cómo aprendió a utilizar la computadora, laptop o tablet? 
En cursos gratuitos fuera de la escuela",Varchar ,1,[1-2],"1 Sí, 2 No"
P6_6_6,"6.6 ¿Cómo aprendió a utilizar la computadora, laptop o tablet? 
Con parientes, amigos, conocidos o vecinos",Varchar ,1,[1-2],"1 Sí, 2 No"
P6_6_7,"6.6 ¿Cómo aprendió a utilizar la computadora, laptop o tablet? 
Otro modo",Varchar ,1,[1-2],"1 Sí, 2 No"
P6_6A,"6.6 ¿Cómo aprendió a utilizar la computadora, laptop o tablet? 
Otro modo Especifique",Varchar ,100,[A-Z], 
P6_7_1,"6.7 ¿La computadora, laptop o tablet la utiliza en…
 el hogar?",Varchar ,1,[1-2],"1 Sí, 2 No"
P6_7_2,"6.7 ¿La computadora, laptop o tablet la utiliza en…
 el trabajo?",Varchar ,1,[1-2],"1 Sí, 2 No"
P6_7_3,"6.7 ¿La computadora, laptop o tablet la utiliza en…
 la escuela o institución educativa?",Varchar ,1,[1-2],"1 Sí, 2 No"
P6_7_4,"6.7 ¿La computadora, laptop o tablet la utiliza en…
 un sitio público con costo?",Varchar ,1,[1-2],"1 Sí, 2 No"
P6_7_5,"6.7 ¿La computadora, laptop o tablet la utiliza en…
 un sitio público sin costo?",Varchar ,1,[1-2],"1 Sí, 2 No"
P6_7_6,"6.7 ¿La computadora, laptop o tablet la utiliza en…
 casa de otra persona (amigo o familiar)?",Varchar ,1,[1-2],"1 Sí, 2 No"
P6_7_8,"6.7 La computadora, laptop o tablet la utiliza en…
 Otro lugar",Varchar ,1,[1-2],"1 Sí, 2 No"
P6_7A,"6.7 La computadora, laptop o tablet la utiliza en…
Otro lugar Especifique",Varchar ,100,[A-Z], 
P6_8_1,"6.8 Con la computadora, laptop o tablet, ¿usted sabe…
 enviar y recibir correo electrónico?",Varchar ,1,[1-2],"1 Sí, 2 No"
P6_8_2,"6.8 Con la computadora, laptop o tablet, ¿usted sabe…
 descargar contenidos de internet (música, videos, documentos, etcétera)?",Varchar ,1,[1-2],"1 Sí, 2 No"
P6_8_3,"6.8 Con la computadora, laptop o tablet, ¿usted sabe…
 copiar archivos entre directorios (carpetas)?",Varchar ,1,[1-2],"1 Sí, 2 No"
P6_8_4,"6.8 Con la computadora, laptop o tablet, ¿usted sabe…
 crear archivos de texto?",Varchar ,1,[1-2],"1 Sí, 2 No"
P6_8_5,"6.8 Con la computadora, laptop o tablet, ¿usted sabe…
 crear hojas de cálculo?",Varchar ,1,[1-2],"1 Sí, 2 No"
P6_8_6,"6.8 Con la computadora, laptop o tablet, ¿usted sabe…
 crear presentaciones?",Varchar ,1,[1-2],"1 Sí, 2 No"
P6_8_7,"6.8 Con la computadora, laptop o tablet, ¿usted sabe…
 instalar dispositivos periféricos (impresora, proyector, etcétera)?",Varchar ,1,[1-2],"1 Sí, 2 No"
P6_8_8,"6.8 Con la computadora, laptop o tablet, ¿usted sabe…
 crear o usar base de datos?",Varchar ,1,[1-2],"1 Sí, 2 No"
P6_8_9,"6.8 Con la computadora, laptop o tablet, ¿usted sabe…
 programar en lenguaje especializado?",Varchar ,1,[1-2],"1 Sí, 2 No"
P6_8_10,"6.8 Con la computadora, laptop o tablet, ¿usted sabe…
 otras habilidades?",Varchar ,1,[1-2],"1 Sí, 2 No"
P6_8A,"6.8 Con la computadora, laptop o tablet, ¿usted sabe…
 otras habilidades? Especifique",Varchar ,100,[A-Z], 
P6_9_1," 6.9 ¿Para qué usa la computadora, laptop o tablet?
 Para actividades laborales",Varchar ,1,[1-2],"1 Sí, 2 No"
P6_9_2,"6.9 ¿Para qué usa la computadora, laptop o tablet?
 Para labores escolares",Varchar ,1,[1-2],"1 Sí, 2 No"
P6_9_3,"6.9 ¿Para qué usa la computadora, laptop o tablet?
 Como medio de capacitación",Varchar ,1,[1-2],"1 Sí, 2 No"
P6_9_4,"6.9 ¿Para qué usa la computadora, laptop o tablet?
 Para entretenimiento",Varchar ,1,[1-2],"1 Sí, 2 No"
P6_9_5,"6.9 ¿Para qué usa la computadora, laptop o tablet?
 Para acceso a internet",Varchar ,1,[1-2],"1 Sí, 2 No"
P6_9_6,"6.9 ¿Para qué usa la computadora, laptop o tablet?
 Otro uso",Varchar ,1,[1-2],"1 Sí, 2 No"
P6_9A,"6.9 ¿Para qué usa la computadora, laptop o tablet?
Otro uso Especifique",Varchar ,100,[A-Z],  
P7_1,"7.1 En los últimos tres meses, ¿ha utilizado Internet en este hogar o fuera de él?",Varchar ,1,[1-2],"1 Sí, 2 No"
P7_2,7.2 ¿Por qué no utiliza Internet?,Varchar ,1,[1-8],"1 No tiene acceso, aunque sabe utilizarlo, 2 No sabe utilizarlo, 3 No le interesa o no lo necesita, 4 Por falta de recursos económicos, 5 Por discapacidad física o mental, 6 Por razones relacionadas con la privacidad o seguridad, 7 No le permiten usarlo, 8 Otra razón"
P7_2A,"7.2 ¿Por qué no utiliza Internet?
 Otra razón Especifique",Varchar ,100,[A-Z], 
P7_3,"7.3 Generalmente, ¿con qué frecuencia hace uso del Internet?",Varchar ,1,[1-5],"1 Diario (7 día a la semana), 2 Al menos una vez a la semana, 3 Al menos una vez al mes, 4 Al menos una vez cada tres meses, 5 Con otra frecuencia menor"
P7_4,"7.4 En promedio, ¿cuántas horas al día utiliza Internet?",Varchar ,2,[01-12],"01 Una hora o menos, 12 Doce horas o más"
P7_5,7.5 ¿La conexión a internet que ha utilizado es…,Varchar,1,"[1-3, 9]","1 Solo fija (la conexión solo puede realizarse en el interior o cercanía de la vivienda, e incluye conexión por WIFI), 2 Solo móvil (la conexión mediante red celular por cualquiera de los integrantes del hogar por celular o MiFi o HBB), 3 Ambas (fija y móvil), 9 No sabe"
P7_6_1,"7.6 ¿Se conecta a Internet por medio de…
 computadora de escritorio?",Varchar ,1,[1-2],"1 Sí, 2 No"
P7_6_2,"7.6 ¿Se conecta a Internet por medio de…
 computadora portátil (laptop, notebook)?",Varchar ,1,[1-2],"1 Sí, 2 No"
P7_6_3,"7.6 ¿Se conecta a Internet por medio de…
 tablet?",Varchar ,1,[1-2],"1 Sí, 2 No"
P7_6_4,"7.6 ¿Se conecta a Internet por medio de…
 celular inteligente (Smartphone)?",Varchar ,1,[1-2],"1 Sí, 2 No"
P7_6_5,"7.6 ¿Se conecta a Internet por medio de…
 televisión con acceso a Internet (Smart TV), o algún dispositivo conectado a ésta?",Varchar ,1,[1-2],"1 Sí, 2 No"
P7_6_6,"7.6 ¿Se conecta a Internet por medio de…
 consola de videojuego?",Varchar ,1,[1-2],"1 Sí, 2 No"
P7_6_7,"7.6 ¿Se conecta a Internet por medio de…
 Otro equipo?",Varchar ,1,[1-2],"1 Sí, 2 No"
P7_6A,"7.6 ¿Se conecta a Internet por medio de…
Otro equipo? Especifique",Varchar ,100,[A-Z], 
P7_7,7.7 ¿Desde hace cuánto tiempo utiliza Internet?,Varchar ,1,[1-5],"1 Menos de 1 año, 2 Entre 1 y hasta 2 años, 3 Más de 2 y hasta 5 años, 4 Más de 5 años, 5 No recuerda"
P7_8_1,"7.8 ¿Ha utilizado internet en…
 el hogar?",Varchar ,1,[1-2],"1 Sí, 2 No"
P7_8_2,"7.8 ¿Ha utilizado internet en…
 el trabajo?",Varchar ,1,[1-2],"1 Sí, 2 No"
P7_8_3,"7.8 ¿Ha utilizado internet en…
 la escuela o institución educativa?",Varchar ,1,[1-2],"1 Sí, 2 No"
P7_8_4,"7.8 ¿Ha utilizado internet en…
 un sitio público con costo?",Varchar ,1,[1-2],"1 Sí, 2 No"
P7_8_5,"7.8 ¿Ha utilizado internet en…
 un sitio público sin costo?",Varchar ,1,[1-2],"1 Sí, 2 No"
P7_8_6,"7.8 ¿Ha utilizado internet en…
 casa de otra persona (amigo o familiar)?",Varchar ,1,[1-2],"1 Sí, 2 No"
P7_8_7,"7.8 ¿Ha utilizado internet en…
 cualquier lugar mediante una conexión móvil (incluye Smartphone)?",Varchar ,1,[1-2],"1 Sí, 2 No"
P7_8_8,"7.8 ¿Ha utilizado internet en…
 Otro lugar?",Varchar ,1,[1-2],"1 Sí, 2 No"
P7_8A,"7.7 ¿Ha utilizado internet en…
 Especifique",Varchar ,100,[A-Z], 
P7_9_1,"7.9 ¿Usa internet…
para actividades laborales?",Varchar ,1,[1-2],"1 Sí, 2 No"
P7_9_2,"7.9 ¿Usa internet…
para actividades escolares?",Varchar ,1,[1-2],"1 Sí, 2 No"
P7_9_3,"7.9 ¿Usa internet…
no lo usa para estas actividades",Varchar ,1,[1-2],"1 Sí, 2 No"
P7_10_1,"7.10 En los últimos tres meses, ¿ha buscado en Internet información sobre…
 salud?",Varchar ,1,[1-2],"1 Sí, 2 No"
P7_10_2,"7.10 En los últimos tres meses, ¿ha buscado en Internet información sobre…
 empleos, bolsas de trabajo (solo para elegido de 15 años o más)?",Varchar ,1,[1-2],"1 Sí, 2 No"
P7_10_3,"7.10 En los últimos tres meses, ¿ha buscado en Internet información sobre…
 educación, investigación o tareas?",Varchar ,1,[1-2],"1 Sí, 2 No"
P7_10_4,"7.10 En los últimos tres meses, ¿ha buscado en Internet información sobre…
 viajes, hoteles y vuelos?",Varchar ,1,[1-2],"1 Sí, 2 No"
P7_10_5,"7.10 En los últimos tres meses, ¿ha buscado en Internet información sobre…
 páginas de blogs?",Varchar ,1,[1-2],"1 Sí, 2 No"
P7_10_6,"7.10 En los últimos tres meses, ¿ha buscado en Internet información sobre…
 cursos en línea?",Varchar ,1,[1-2],"1 Sí, 2 No"
P7_10_7,"7.10 En los últimos tres meses, ¿ha buscado en Internet información sobre…
 bienes o servicios?",Varchar ,1,[1-2],"1 Sí, 2 No"
P7_10_8,"7.10 En los últimos tres meses, ¿ha buscado en Internet información sobre…
 rutas y ubicación (GPS)?",Varchar ,1,[1-2],"1 Sí, 2 No"
P7_10_9,"7.10 En los últimos tres meses, ¿ha buscado en Internet información sobre…
 clima?",Varchar ,1,[1-2],"1 Sí, 2 No"
P7_10_10,"7.10 En los últimos tres meses, ¿ha buscado en Internet información sobre…
 otro tipo de información?",Varchar ,1,[1-2],"1 Sí, 2 No"
P7_10A,"7.10 En los últimos tres meses, ¿ha buscado en Internet información sobre…
 otro tipo de información? Especifique",Varchar ,100,[A-Z], 
P7_11_1,"7.11 En los últimos tres meses, ¿ha utilizado el Internet para…
 realizar capacitación para el trabajo?",Varchar ,1,[1-2],"1 Sí, 2 No"
P7_11_2,"7.11 En los últimos tres meses, ¿ha utilizado el Internet para…
 tomar cursos para complementar la educación (como apoyo al estudio)?",Varchar ,1,[1-2],"1 Sí, 2 No"
P7_11_3,"7.11 En los últimos tres meses, ¿ha utilizado el Internet para…
 tomar tutoriales sobre cualquier tema de interés (a través de YouTube o de otras plataformas o aplicaciones)?",Varchar ,1,[1-2],"1 Sí, 2 No"
P7_11_4,"7.11. En los últimos tres meses, ¿ha utilizado el Internet para…
 otro tipo de capacitaciones?",Varchar ,1,[1-2],"1 Sí, 2 No"
P7_11A,"7.11 En los últimos tres meses, ¿ha utilizado el Internet para…
 otro tipo de capacitaciones? Especifique",Varchar ,100,[A-Z], 
P7_12_1,"7.12 En los últimos tres meses, ¿ha utilizado el internet para…
 enviar correos electrónicos?",Varchar ,1,[1-2],"1 Sí, 2 No"
P7_12_2,"7.12 En los últimos tres meses, ¿ha utilizado el internet para…
 realizar conversaciones telefónicas (a través de Skype o WhatsApp)?",Varchar ,1,[1-2],"1 Sí, 2 No"
P7_12_3,"7.12 En los últimos tres meses, ¿ha utilizado el internet para…
 enviar mensajes instantáneos (WhatsApp, Messenger, Twitter, etcétera)?",Varchar ,1,[1-2],"1 Sí, 2 No"
P7_12_4,"7.12 En los últimos tres meses, ¿ha utilizado el internet para…
 Otro medio de comunicación)?",Varchar ,1,[1-2],"1 Sí, 2 No"
P7_12A,"7.12 En los últimos tres meses, ¿ha utilizado el internet para…
 Otro medio de comunicación)? Especifique",Varchar ,100,[A-Z], 
P7_13_1,"7.13 En los últimos tres meses, ¿en Internet…
 leyó periódicos, revistas o libros?",Varchar ,1,[1-2],"1 Sí, 2 No"
P7_13_2,"7.13 En los últimos tres meses, ¿en Internet…
 vio películas, series, conciertos y otros audiovisuales de pago (Netflix, Clarovideo, Blim, OTT, etcétera)?",Varchar ,1,[1-2],"1 Sí, 2 No"
P7_13_3,"7.13 En los últimos tres meses, ¿en Internet…
 vio películas, series, conciertos y otros audiovisuales gratuitos (Youtube)?",Varchar ,1,[1-2],"1 Sí, 2 No"
P7_13_4,"7.13 En los últimos tres meses, ¿en Internet…
 escuchó música gratis que no sea radio AM y FM (Spotify, Google music, etcétera)?",Varchar ,1,[1-2],"1 Sí, 2 No"
P7_13_5,"7.13 En los últimos tres meses, ¿en Internet…
 jugó en línea?",Varchar ,1,[1-2],"1 Sí, 2 No"
P7_13_6,"7.13 En los últimos tres meses, ¿en Internet…
 escucho contenidos de radio AM o FM?",Varchar ,1,[1-2],"1 Sí, 2 No"
P7_13_7,"7.13 En los últimos tres meses, ¿en Internet…
accedió a TV en la web (canales abiertos por internet: Tv Azteca en vivo)?",Varchar ,1,[1-2],"1 Sí, 2 No"
P7_13_8,"7.13 En los últimos tres meses, ¿en Internet…
 Otro tipo de entretenimiento?",Varchar ,1,[1-2],"1 Sí, 2 No"
P7_13A,"7.13 En los últimos tres meses, ¿en Internet…
 Otro tipo de entretenimiento? Especifique",Varchar ,100,[A-Z], 
P7_14,"7.14 En los últimos tres meses, ¿usted ha creado o desarrollado sitios de Internet o blogs?",Varchar ,1,[1-2],"1 Sí, 2 No"
P7_15,"7.15 En los últimos tres meses, ¿ha usado redes sociales?",Varchar ,1,[1-2],"1 Sí, 2 No"
P7_16_1,"7.16 ¿Qué redes sociales utiliza?
 Facebook",Varchar ,1,[1-2],"1 Sí, 2 No"
P7_16_2,"7.16 ¿Qué redes sociales utiliza?
 Twitter",Varchar ,1,[1-2],"1 Sí, 2 No"
P7_16_3,"7.16 ¿Qué redes sociales utiliza?
 Instagram",Varchar ,1,[1-2],"1 Sí, 2 No"
P7_16_4,"7.16 ¿Qué redes sociales utiliza?
 LinkedIn",Varchar ,1,[1-2],"1 Sí, 2 No"
P7_16_5,"7.16 ¿Qué redes sociales utiliza?
 Snapchat",Varchar ,1,[1-2],"1 Sí, 2 No"
P7_16_6,"7.16 ¿Qué redes sociales utiliza?
Whatsapp",Varchar ,1,[1-2],"1 Sí, 2 No"
P7_16_7,"7.16 ¿Qué redes sociales utiliza?
Youtube",Varchar ,1,[1-2],"1 Sí, 2 No"
P7_16_8,"7.16 ¿Qué redes sociales utiliza?
Pinterest",Varchar ,1,[1-2],"1 Sí, 2 No"
P7_16_9,"7.16 ¿Qué redes sociales utiliza?
Messenger",Varchar ,1,[1-2],"1 Sí, 2 No"
P7_16_10,"7.16 ¿Qué redes sociales utiliza?
Tik Tok",Varchar ,1,[1-2],"1 Sí, 2 No"
P7_16_11,"7.16 ¿Qué redes sociales utiliza?
Otras redes",Varchar ,1,[1-2],"1 Sí, 2 No"
P7_16A,"7.16 ¿Qué redes sociales utiliza?
Otras redes Especifique",Varchar ,100,[A-Z], 
P7_17_1,"7.17 En los últimos tres meses, ¿ha utilizado Internet para…
 descargar software o aplicaciones?",Varchar ,1,[1-2],"1 Sí, 2 No"
P7_17_2,"7.17 En los últimos tres meses, ¿ha utilizado Internet para…
 utilizar servicios en la nube (Dropbox, hosting o alojamiento de paga o gratuitos)?",Varchar ,1,[1-2],"1 Sí, 2 No"
P7_18_1,"7.18 En los últimos tres meses ¿ha tenido en los equipos que utiliza para conectarse a Internet...
 infección por virus?",Varchar ,1,[1-2],"1 Sí, 2 No"
P7_18_2,"7.18 En los últimos tres meses ¿ha tenido en los equipos que utiliza para conectarse a Internet...
 exceso de información no deseada?",Varchar ,1,[1-2],"1 Sí, 2 No"
P7_18_3,"7.18 En los últimos tres meses ¿ha tenido en los equipos que utiliza para conectarse a Internet...
 interrupciones en el servicio?",Varchar ,1,[1-2],"1 Sí, 2 No"
P7_18_4,"7.18 En los últimos tres meses ¿ha tenido en los equipos que utiliza para conectarse a Internet...
 lentitud en la transferencia de la información?",Varchar ,1,[1-2],"1 Sí, 2 No"
P7_18_5,"7.18 En los últimos tres meses ¿ha tenido en los equipos que utiliza para conectarse a Internet...
 fraudes con información (financiera, personal, etcétera)?",Varchar ,1,[1-2],"1 Sí, 2 No"
P7_18_6,"7.18 En los últimos tres meses ¿ha tenido en los equipos que utiliza para conectarse a Internet...
 violación a la privacidad?",Varchar ,1,[1-2],"1 Sí, 2 No"
P7_18_7,"7.18 En los últimos tres meses ¿ha tenido en los equipos que utiliza para conectarse a Internet...
 mensajes de personas desconocidas?",Varchar ,1,[1-2],"1 Sí, 2 No"
P7_18_8,"7.18 En los últimos tres meses ¿ha tenido en los equipos que utiliza para conectarse a Internet...
 Otro problema?",Varchar ,1,[1-2],"1 Sí, 2 No"
P7_18A,"7.18 En los últimos tres meses ¿ha tenido en los equipos que utiliza para conectarse a Internet...
 Otro problema? Especifique",Varchar ,100,[A-Z], 
P7_19,"7.19 En los últimos 12 meses, ¿ha realizado ventas por Internet?",Varchar ,1,[1-2],"1 Sí, 2 No"
P7_20,7.20 Generalmente ¿con qué frecuencia realiza ventas por Internet?,Varchar ,1,[1-6],"1 Diario (7 días a la semana), 2 Al menos una vez a la semana, 3 Una vez cada quince días, 4 Una vez al mes, 5 Al menos una vez cada seis meses, 6 Al menos una vez al año"
P7_21,"7.21 En los últimos 12 meses, ¿ha realizado compras por Internet? (Excluya compras por motivo de trabajo e incluya las realizadas por su negocio)",Varchar ,1,[1-2],"1 Sí, 2 No"
P7_22_1,"7.22 ¿Por qué no ha realizado compras por Internet?
 Prefiere comprar en persona",Varchar ,1,[1-2],"1 Sí, 2 No"
P7_22_2,"7.22 ¿Por qué no ha realizado compras por Internet?
 No le interesa o no lo necesita",Varchar ,1,[1-2],"1 Sí, 2 No"
P7_22_3,"7.22 ¿Por qué no ha realizado compras por Internet?
 Por falta de recursos económicos",Varchar ,1,[1-2],"1 Sí, 2 No"
P7_22_4,"7.22 ¿Por qué no ha realizado compras por Internet?
 Desconfía de la calidad del producto que recibirá",Varchar ,1,[1-2],"1 Sí, 2 No"
P7_22_5,"7.22 ¿Por qué no ha realizado compras por Internet?
 Desconfía de la seguridad del proceso de compra (privacidad de los datos, robo de identidad o de datos de tarjetas)",Varchar ,1,[1-2],"1 Sí, 2 No"
P7_22_6,"7.22 ¿Por qué no ha realizado compras por Internet?
 No cuenta con la tarjeta de crédito, débito o servicios de Banca en línea",Varchar ,1,[1-2],"1 Sí, 2 No"
P7_22_7,"7.22 ¿Por qué no ha realizado compras por Internet?
 No sabe como hacerlo",Varchar ,1,[1-2],"1 Sí, 2 No"
P7_22_8,"7.22 ¿Por qué no ha realizado compras por Internet?
 No le permiten realizarlo",Varchar ,1,[1-2],"1 Sí, 2 No"
P7_22_9,"7.22 ¿Por qué no ha realizado compras por Internet?
 No se considera con la edad suficiente para hacerlo",Varchar ,1,[1-2],"1 Sí, 2 No"
P7_22_10,"7.22 ¿Por qué no ha realizado compras por Internet?
 Otra razón",Varchar ,1,[1-2],"1 Sí, 2 No"
P7_22A,"7.22 ¿Por qué no ha realizado compras por Internet?
Otra razón Especifique",Varchar ,100,[A-Z], 
P7_23,"7.23 Por lo general, ¿con que frecuencia realiza compras por Internet?",Varchar ,1,[1-6],"1 Diario (7 días a la semana), 2 Al menos una vez a la semana, 3 Una vez cada quince días, 4 Una vez al mes, 5 Al menos una vez cada seis meses, 6 Al menos una vez al año"
P7_24_1,"7.24 En los últimos 12 meses, ¿usted ha comprado por Internet…
 libros (incluye libros electrónicos)?",Varchar ,1,[1-2],"1 Sí, 2 No"
P7_24_2,"7.24 En los últimos 12 meses, ¿usted ha comprado por Internet…
 música y videos?",Varchar ,1,[1-2],"1 Sí, 2 No"
P7_24_3,"7.24 En los últimos 12 meses, ¿usted ha comprado por Internet…
 computadoras, laptops o tablets?",Varchar ,1,[1-2],"1 Sí, 2 No"
P7_24_4,"7.24 En los últimos 12 meses, ¿usted ha comprado por Internet…
 celulares o accesorios?",Varchar ,1,[1-2],"1 Sí, 2 No"
P7_24_5,"7.24 En los últimos 12 meses, ¿usted ha comprado por Internet…
 programas y/o aplicaciones (software)?",Varchar ,1,[1-2],"1 Sí, 2 No"
P7_24_6,"7.24 En los últimos 12 meses, ¿usted ha comprado por Internet…
 alimentos y bebidas?",Varchar ,1,[1-2],"1 Sí, 2 No"
P7_24_7,"7.24 En los últimos 12 meses, ¿usted ha comprado por Internet…
 entradas o reservaciones de eventos de entretenimiento (deporte, teatro, conciertos)?",Varchar ,1,[1-2],"1 Sí, 2 No"
P7_24_8,"7.24 En los últimos 12 meses, ¿usted ha comprado por Internet…
productos de viaje?",Varchar ,1,[1-2],"1 Sí, 2 No"
P7_24_9,"7.24 En los últimos 12 meses, ¿usted ha comprado por Internet…
 servicios de alojamiento y hospedaje (Airbnb, Booking, Flipkay, sitios web de hoteles o similares, etc.)?",Varchar ,1,[1-2],"1 Sí, 2 No"
P7_24_10,"7.24 En los últimos 12 meses, ¿usted ha comprado por Internet…
 aparatos electrónicos?",Varchar ,1,[1-2],"1 Sí, 2 No"
P7_24_11,"7.24 En los últimos 12 meses, ¿usted ha comprado por Internet…
 productos de higiene personal, belleza y cosméticos?",Varchar ,1,[1-2],"1 Sí, 2 No"
P7_24_12,"7.24 En los últimos 12 meses, ¿usted ha comprado por Internet…
artículos de uso personal, incluyendo ropa y accesorios?",Varchar ,1,[1-2],"1 Sí, 2 No"
P7_24_13,"7.24 En los últimos 12 meses, ¿usted ha comprado por Internet…
 artículos para el hogar?",Varchar ,1,[1-2],"1 Sí, 2 No"
P7_24_14,"7.24 En los últimos 12 meses, ¿usted ha comprado por Internet…
 vehículos o refacciones?",Varchar ,1,[1-2],"1 Sí, 2 No"
P7_24_15,"7.24 En los últimos 12 meses, ¿usted ha comprado por Internet…
productos financieros (acciones, seguros y planes de ahorro)?",Varchar ,1,[1-2],"1 Sí, 2 No"
P7_24_16,"7.24 En los últimos 12 meses, ¿usted ha comprado por Internet…
consolas de videojuegos y juegos?",Varchar ,1,[1-2],"1 Sí, 2 No"
P7_24_17,"7.24 En los últimos 12 meses, ¿usted ha comprado por Internet…
artículos de salud (medicinas, aparatos ortopédicos, instrumentos médicos, etc.)?",Varchar ,1,[1-2],"1 Sí, 2 No"
P7_24_18,"7.24 En los últimos 12 meses, ¿usted ha comprado por Internet…
equipo fotográfico, de telecomunicaciones o equipos ópticos?",Varchar ,1,[1-2],"1 Sí, 2 No"
P7_24_19,"7.24 En los últimos 12 meses, ¿usted ha comprado por Internet…
servicio de transporte por plataforma (Uber, DiDi, etc.)?",Varchar ,1,[1-2],"1 Sí, 2 No"
P7_24_20,"7.24 En los últimos 12 meses, ¿usted ha comprado por Internet…
 Otro producto o servicio?",Varchar ,1,[1-2],"1 Sí, 2 No"
P7_24A,"7.24 En los últimos 12 meses, ¿usted ha comprado por Internet… 
Otro producto Especifique",Varchar ,100,[A-Z], 
P7_25_1,"7.25 ¿El medio por el que por el que ha obtenido las compras que realizó en Internet ha sido a través de...
entrega directa al(a la) comprador(a) mediante servicio de paquetería?",Varchar ,1,[1-2],"1 Sí, 2 No"
P7_25_2,"7.25 ¿El medio por el que por el que ha obtenido las compras que realizó en Internet ha sido a través de...
entrega directa del(la) vendedor(a) al(a la) comprador(a)?",Varchar ,1,[1-2],"1 Sí, 2 No"
P7_25_3,"7.25 ¿El medio por el que por el que ha obtenido las compras que realizó en Internet ha sido a través de...
entrega en el punto de venta o distribución?",Varchar ,1,[1-2],"1 Sí, 2 No"
P7_25_4,"7.25 ¿El medio por el que por el que ha obtenido las compras que realizó en Internet ha sido a través de...
entrega en línea mediante descargas (aplicaciones, música, películas, libros, servicios, etcétera)?",Varchar ,1,[1-2],"1 Sí, 2 No"
P7_25_5,"7.25 ¿El medio por el que por el que ha obtenido las compras que realizó en Internet ha sido a través de...
Otro medio",Varchar ,1,[1-2],"1 Sí, 2 No"
P7_25A,"7.25 ¿El medio por el que por el que ha obtenido las compras que realizó en Internet ha sido a través de...
Otro medio Especifique",Varchar ,100,[A-Z], 
P7_26,"7.26 En los últimos 12 meses, ¿tuvo algún problema al realizar las compras?",Varchar ,1,[1-2],"1 Sí, 2 No"
P7_27_1,"7.27 ¿El problema que tuvo fue…
 relacionado con la entrega?",Varchar ,1,[1-2],"1 Sí, 2 No"
P7_27_2,"7.27 ¿El problema que tuvo fue…
 con la seguridad del pago?",Varchar ,1,[1-2],"1 Sí, 2 No"
P7_27_3,"7.27 ¿El problema que tuvo fue con…
 la seguridad de los datos personales?",Varchar ,1,[1-2],"1 Sí, 2 No"
P7_27_4,"7.27 ¿El problema que tuvo fue con…
relacionado con la calidad del producto?",Varchar ,1,[1-2],"1 Sí, 2 No"
P7_27_5,"7.27 ¿El problema que tuvo fue con…
relacionado con el estado del producto?",Varchar ,1,[1-2],"1 Sí, 2 No"
P7_27_6,"7.27 ¿El problema que tuvo fue…
 Otro Problema?",Varchar ,1,[1-2],"1 Sí, 2 No"
P7_27A,"7.27 ¿El problema que tuvo fue… 
Otro problema Especifique",Varchar ,100,[A-Z], 
P7_28,"7.28 En los últimos 12 meses, ¿ha realizado pagos por Internet, ya sea por compras o algún servicio?",Varchar ,1,[1-2],"1 Sí, 2 No"
P7_29,7.29 ¿Por qué no ha realizado pagos por Internet?,Varchar ,1,[1-8],"1 Prefiere realizarlo en persona, 2 No le interesa o no lo necesita, 3 Desconfía de la seguridad del proceso de pago (privacidad de los datos, robo de identidad de los datos de la tarjeta), 4 No cuenta con tarjeta de crédito, débito o servicios de Banca en línea, 5 No sabe hacerlo, 6 No le permiten realizarlo, 7 No se considera con la edad suficiente para hacerlo, 8 Otra razón"
P7_29A,"7.29 ¿Por qué no ha realizado pagos por Internet? 
Otra razón Especifique",Varchar ,100,[A-Z], 
P7_30,7.30 Generalmente ¿con qué frecuencia ha realizado pagos por Internet?,Varchar ,1,[1-6],"1 Diario (7 días a la semana), 2 Al menos una vez a la semana, 3 Una vez cada quince días, 4 Una vez al mes, 5 Al menos una vez cada seis meses, 6 Al menos una vez al año"
P7_31_1,"7.31 En los últimos 12 meses los pagos que ha realizado por Internet, ¿ha sido por…
 servicios bancarios o financieros?",Varchar ,1,[1-2],"1 Sí, 2 No"
P7_31_2,"7.31 En los últimos 12 meses los pagos que ha realizado por Internet, ¿ha sido por…
 servicios o trámites de gobierno?",Varchar ,1,[1-2],"1 Sí, 2 No"
P7_31_3,"7.31 En los últimos 12 meses los pagos que ha realizado por Internet, ¿ha sido por…
 servicios educativos?",Varchar ,1,[1-2],"1 Sí, 2 No"
P7_31_4,"7.31 En los últimos 12 meses los pagos que ha realizado por Internet, ¿ha sido por…
 bienes o servicios para el hogar?",Varchar ,1,[1-2],"1 Sí, 2 No"
P7_31_5,"7.31 En los últimos 12 meses los pagos que ha realizado por Internet, ¿ha sido por…
 bienes o servicios personales?",Varchar ,1,[1-2],"1 Sí, 2 No"
P7_31_6,"7.31 En los últimos 12 meses los pagos que ha realizado por Internet, ¿ha sido por…
 otros pagos?",Varchar ,1,[1-2],"1 Sí, 2 No"
P7_31A,"7.31 En los últimos 12 meses los pagos que ha realizado por Internet, ¿ha sido por… 
Otros pagos Especifique",Varchar ,100,[A_Z], 
P7_32_1,"7.32 ¿Su pago por Internet ha sido con…
 tarjeta de débito?",Varchar ,1,[1-2],"1 Sí, 2 No"
P7_32_2,"7.32 ¿Su pago por Internet ha sido con…
 tarjeta de crédito?",Varchar ,1,[1-2],"1 Sí, 2 No"
P7_32_3,"7.32 ¿Su pago por Internet ha sido con…
 transferencias bancarias?",Varchar ,1,[1-2],"1 Sí, 2 No"
P7_32_4,"7.32 ¿Su pago por Internet ha sido con…
 medios electrónicos como Paypal o Mercado pago?",Varchar ,1,[1-2],"1 Sí, 2 No"
P7_32_5,"7.32 ¿Su pago por Internet ha sido con…
 tarjeta de regalo o un vale de prepago en línea?",Varchar ,1,[1-2],"1 Sí, 2 No"
P7_32_6,"7.32 ¿Su pago por Internet ha sido con…
 mediante sistema de Cobro Digital (CoDi)?",Varchar ,1,[1-2],"1 Sí, 2 No"
P7_32_7,"7.32 ¿Su pago por Internet ha sido con…
 Otro medio?",Varchar ,1,[1-2],"1 Sí, 2 No"
P7_32A,"7.32 ¿Su pago por Internet ha sido con… 
Otro medio Especifique",Varchar ,100,[A_Z], 
P7_33,"7.33 En los últimos tres meses, ¿ha hecho uso de la Banca electrónica?",Varchar ,1,[1-2],"1 Sí, 2 No"
P7_34_1,"7.34 ¿Las operaciones que ha realizado en la Banca electrónica en los últimos tres meses son…
 consultas de saldo?",Varchar ,1,[1-2],"1 Sí, 2 No"
P7_34_2,"7.34 ¿Las operaciones que ha realizado en la Banca electrónica en los últimos tres meses son…
 transferencias?",Varchar ,1,[1-2],"1 Sí, 2 No"
P7_34_3,"7.34 ¿Las operaciones que ha realizado en la Banca electrónica en los últimos tres meses son…
 pago de servicios (luz, agua, etcétera)?",Varchar ,1,[1-2],"1 Sí, 2 No"
P7_34_4,"7.34 ¿Las operaciones que ha realizado en la Banca electrónica en los últimos tres meses son…
 compra de tiempo aire?",Varchar ,1,[1-2],"1 Sí, 2 No"
P7_34_5,"7.34 ¿Las operaciones que ha realizado en la Banca electrónica en los últimos tres meses son…
 Otras operaciones bancarias?",Varchar ,1,[1-2],"1 Sí, 2 No"
P7_34A,"7.34 ¿Las operaciones que ha realizado en la Banca electrónica en los últimos tres meses son…
Otras operaciones bancarias Especifique",Varchar ,100,[A-Z], 
P7_35_1,"7.35 En los últimos 12 meses, ¿ha utilizado usted el Internet para…
 comunicarse con el gobierno?",Varchar ,1,[1-2],"1 Sí, 2 No"
P7_35_2,"7.35 En los últimos 12 meses, ¿ha utilizado usted el Internet para…
 consultar información del gobierno?",Varchar ,1,[1-2],"1 Sí, 2 No"
P7_35_3,"7.35 En los últimos 12 meses, ¿ha utilizado usted el Internet para…
 descargar formatos del gobierno?",Varchar ,1,[1-2],"1 Sí, 2 No"
P7_35_4,"7.35 En los últimos 12 meses, ¿ha utilizado usted el Internet para…
 realizar trámites del gobierno?",Varchar ,1,[1-2],"1 Sí, 2 No"
P7_35_5,"7.35 En los últimos 12 meses, ¿ha utilizado usted el Internet para…
 Otra interacción?",Varchar ,1,[1-2],"1 Sí, 2 No"
P7_35A,"7.35 En los últimos 12 meses, ¿ha utilizado usted el Internet para…
 Otra interacción Especifique",Varchar ,100,[A-Z], 
P7_36_1,"7.36 En los últimos 12 meses por Internet, ¿ha realizado usted…
 declaración de impuestos?",Varchar ,1,[1-2],"1 Sí, 2 No"
P7_36_2,"7.36 En los últimos 12 meses por Internet, ¿ha realizado usted…
 gestión o solicitud de documentos personales como CURP, credencial de elector, cédula profesional, pasaporte, etcétera?",Varchar ,1,[1-2],"1 Sí, 2 No"
P7_36_3,"7.36 En los últimos 12 meses por Internet, ¿ha realizado usted…
 trámites de instituciones de educación pública como inscripciones, solicitud de historial académico, etcétera?",Varchar ,1,[1-2],"1 Sí, 2 No"
P7_36_4,"7.36 En los últimos 12 meses por Internet, ¿ha realizado usted…
citas médicas en instituciones públicas (IMSS, ISSSTE, etc.)",Varchar ,1,[1-2],"1 Sí, 2 No"
P7_36_5,"7.36 En los últimos 12 meses por Internet, ¿ha realizado usted…
Otros trámites",Varchar ,1,[1-2],"1 Sí, 2 No"
P7_36A,"7.36 En los últimos 12 meses por Internet, ¿ha realizado usted… 
Otros trámites Especifique",Varchar ,100,[A-Z], 
P7_37,"7.37 En los últimos 12 meses, ¿con que frecuencia ha realizado las consultas o trámites de gobierno?",Varchar ,1,[1-5],"1 Mensualmente (1 o más veces al mes), 2 Bimestralmente, 3 Trimestralmente, 4 Semestralmente, 5 Anualmente"
FAC_PER,Factor,Numeric,6,[64-33613],Factor
UPM_DIS,Unidad primaria de muestreo,Varchar,5,[00001-08235],Unidad primaria de muestreo
EST_DIS,Estrato de diseño muestral,Varchar,3,[001-340],Estrato de diseño muestral
DOMINIO,Población rural y urbana,Varchar,1,"[U, R]",Población rural y urbana
TLOC,Tamaño de la Localidad,Varchar,1,[1-4],"1 100,000 y más habitantes, 2 15,000 a 99,999 habitantes, 3 2,500 a 14,999 habitantes, 4 menor a 2500 habitantes"
ESTRATO,Estrato socioeconómico,Varchar,1,[1-4],"1 Bajo, 2 Medio bajo, 3 Medio alto, 4 Alto"
PAREN,3.3 ¿Qué es (NOMBRE) del jefe(a) del hogar?,Varchar,1,[1-6],"1 Jefe(a), 2 Esposo(a) o compañero(a), 3 Hijo(a), 4 Nieto(a), 5 Otro parentesco, 6 Sin parentesco"
SEXO,3.4 (NOMBRE) es hombre (NOMBRE) es mujer,Varchar,1,[1-2],"1 Hombre, 2 Mujer"
NIVEL,"3.8 ¿Hasta qué año o grado aprobó (NOMBRE) en la escuela? 
Nivel",Varchar ,2,"[00-11, 99]","00 Ninguno, 01 Preescolar o kínder, 02 Primaria, 03 Secundaria, 04 Normal básica, 05 Estudio técnico terminal con secundaria, 06 Preparatoria o bachillerato, 07 Estudio técnico superior con preparatoria terminada, 08 Licenciatura o ingeniería, 09 Especialidad, 10 Maestría, 11 Doctorado, 99 No sabe"
GRADO,"3.8 ¿Hasta qué año o grado aprobó (NOMBRE) en la escuela? 
Grado",Varchar ,1,[0-9], 
ENT,Entidad ,Varchar,2,[01-32],01-32 Entidad Federativa
