﻿COLUMNA,DESCRIPCION,TIPO_DATO,LONGITUD,CODIGO_VALIDO,METADATOS
UPM,Unidad primaria de muestreo,Varchar2,7,[0100023-3260794],Unidad primaria de muestreo
VIV_SEL,Vivienda seleccionada ,Varchar2,2,[01-42],Vivienda seleccionada 
HOGAR,Número de Hogar en la vivienda,Varchar2,2,[01-05],Número de Hogar en la vivienda
NUM_REN,Número de renglón,Varchar2,2,[01-16],Número de renglón
EDAD,Edad del elegido,Number,2,[0-99],
P6_1,"6.1 En los últimos tres meses, ¿utilizó computadora, laptop o tablet en este hogar o fuera de él?",Varchar2 ,1,[1-2],"1 Sí, 2 No"
P6_2_1,"6.2 ¿Usted usa…
 computadora de escritorio?",Varchar2 ,1,[1-2],"1 Sí, 2 No"
P6_2_2,"6.2 ¿Usted usa…
 computadora portátil (laptop, notebook)?",Varchar2 ,1,[1-2],"1 Sí, 2 No"
P6_2_3,"6.2 ¿Usted usa…
 tablet?",Varchar2 ,1,[1-2],"1 Sí, 2 No"
P6_3,"6.3 ¿Por qué no utiliza computadora, laptop o tablet?",Varchar2 ,1,[1-8],"1 No tiene acceso a una, aunque sabe utilizarla, 2 No sabe utilizarla, 3 No le interesa o no la necesita, 4 Por falta de recursos económicos, 5 Usa su teléfono celular inteligente (Smartphone), 6 Desconoce su utilidad, 7 Por discapacidad física o mental, 8 Otra razón"
P6_3A,"6.3 ¿Por qué no utiliza computadora, laptop o tablet? 
Especifique",Varchar2 ,100,[A-Z],
P6_4,"6.4 Generalmente, ¿cuántos días a la semana usa la computadora, laptop o tablet?",Varchar2 ,1,[1-5],"1 Diario (7 días a la semana), 2 Al menos una vez a la semana, 3 Al menos una vez al mes, 4 Al menos una vez cada tres meses, 5 Con otra frecuencia menor"
P6_5,"6.5 ¿Cuántas horas al día usa la computadora, laptop o tablet? (cuando la utiliza)",Varchar2 ,2,[01-12],"01 Una hora o menos, 12 Doce horas o más"
P6_6_1,"6.6 ¿Cómo aprendió a utilizar la computadora, laptop o tablet? 
Por cuenta propia",Varchar2 ,1,[1-2],"1 Sí, 2 No"
P6_6_2,"6.6 ¿Cómo aprendió a utilizar la computadora, laptop o tablet? 
En el trabajo",Varchar2 ,1,[1-2],"1 Sí, 2 No"
P6_6_3,"6.6 ¿Cómo aprendió a utilizar la computadora, laptop o tablet? 
En la escuela",Varchar2 ,1,[1-2],"1 Sí, 2 No"
P6_6_4,"6.6 ¿Cómo aprendió a utilizar la computadora, laptop o tablet? 
En cursos pagados fuera de la escuela",Varchar2 ,1,[1-2],"1 Sí, 2 No"
P6_6_5,"6.6 ¿Cómo aprendió a utilizar la computadora, laptop o tablet? 
En cursos gratuitos fuera de la escuela",Varchar2 ,1,[1-2],"1 Sí, 2 No"
P6_6_6,"6.6 ¿Cómo aprendió a utilizar la computadora, laptop o tablet? 
Con parientes, amigos, conocidos o vecinos",Varchar2 ,1,[1-2],"1 Sí, 2 No"
P6_6_7,"6.6 ¿Cómo aprendió a utilizar la computadora, laptop o tablet? 
Otro modo",Varchar2 ,1,[1-2],"1 Sí, 2 No"
P6_6A,"6.6 ¿Cómo aprendió a utilizar la computadora, laptop o tablet? 
Otro modo Especifique",Varchar2 ,100,[A-Z],
P6_7_1,"6.7 ¿La computadora, laptop o tablet la utiliza en…
 el hogar?",Varchar2 ,1,[1-2],"1 Sí, 2 No"
P6_7_2,"6.7 ¿La computadora, laptop o tablet la utiliza en…
 el trabajo?",Varchar2 ,1,[1-2],"1 Sí, 2 No"
P6_7_3,"6.7 ¿La computadora, laptop o tablet la utiliza en…
 la escuela o institución educativa?",Varchar2 ,1,[1-2],"1 Sí, 2 No"
P6_7_4,"6.7 ¿La computadora, laptop o tablet la utiliza en…
 un sitio público con costo?",Varchar2 ,1,[1-2],"1 Sí, 2 No"
P6_7_5,"6.7 ¿La computadora, laptop o tablet la utiliza en…
 un sitio público sin costo?",Varchar2 ,1,[1-2],"1 Sí, 2 No"
P6_7_6,"6.7 ¿La computadora, laptop o tablet la utiliza en…
 casa de otra persona (amigo o familiar)?",Varchar2 ,1,[1-2],"1 Sí, 2 No"
P6_7_7,"6.7 ¿La computadora, laptop o tablet la utiliza en…
 cualquier otro lugar con una portátil?",Varchar2 ,1,[1-2],"1 Sí, 2 No"
P6_7_8,"6.7 La computadora, laptop o tablet la utiliza en…
 Otro lugar",Varchar2 ,1,[1-2],"1 Sí, 2 No"
P6_7A,"6.7 La computadora, laptop o tablet la utiliza en…
Otro lugar Especifique",Varchar2 ,100,[A-Z],
P6_8_1,"6.8 Con la computadora, laptop o tablet, ¿usted sabe…
 enviar y recibir correo electrónico?",Varchar2 ,1,[1-2],"1 Sí, 2 No"
P6_8_2,"6.8 Con la computadora, laptop o tablet, ¿usted sabe…
 descargar contenidos de internet (música, videos, documentos, etcétera)?",Varchar2 ,1,[1-2],"1 Sí, 2 No"
P6_8_3,"6.8 Con la computadora, laptop o tablet, ¿usted sabe…
 copiar archivos entre directorios (carpetas)?",Varchar2 ,1,[1-2],"1 Sí, 2 No"
P6_8_4,"6.8 Con la computadora, laptop o tablet, ¿usted sabe…
 crear archivos de texto?",Varchar2 ,1,[1-2],"1 Sí, 2 No"
P6_8_5,"6.8 Con la computadora, laptop o tablet, ¿usted sabe…
 crear hojas de cálculo?",Varchar2 ,1,[1-2],"1 Sí, 2 No"
P6_8_6,"6.8 Con la computadora, laptop o tablet, ¿usted sabe…
 crear presentaciones?",Varchar2 ,1,[1-2],"1 Sí, 2 No"
P6_8_7,"6.8 Con la computadora, laptop o tablet, ¿usted sabe…
 instalar dispositivos periféricos (impresora, proyector, etcétera)?",Varchar2 ,1,[1-2],"1 Sí, 2 No"
P6_8_8,"6.8 Con la computadora, laptop o tablet, ¿usted sabe…
 crear o usar base de datos?",Varchar2 ,1,[1-2],"1 Sí, 2 No"
P6_8_9,"6.8 Con la computadora, laptop o tablet, ¿usted sabe…
 programar en lenguaje especializado?",Varchar2 ,1,[1-2],"1 Sí, 2 No"
P6_8_10,"6.8 Con la computadora, laptop o tablet, ¿usted sabe…
 otras habilidades?",Varchar2 ,1,[1-2],"1 Sí, 2 No"
P6_8A,"6.8 Con la computadora, laptop o tablet, ¿usted sabe…
 otras habilidades? Especifique",Varchar2 ,100,[A-Z],
P6_9_1," 6.9 ¿Para qué usa la computadora, laptop o tablet?
 Para actividades laborales",Varchar2 ,1,[1-2],"1 Sí, 2 No"
P6_9_2,"6.9 ¿Para qué usa la computadora, laptop o tablet?
 Para labores escolares",Varchar2 ,1,[1-2],"1 Sí, 2 No"
P6_9_3,"6.9 ¿Para qué usa la computadora, laptop o tablet?
 Como medio de capacitación",Varchar2 ,1,[1-2],"1 Sí, 2 No"
P6_9_4,"6.9 ¿Para qué usa la computadora, laptop o tablet?
 Para entretenimiento",Varchar2 ,1,[1-2],"1 Sí, 2 No"
P6_9_5,"6.9 ¿Para qué usa la computadora, laptop o tablet?
 Para acceso a internet",Varchar2 ,1,[1-2],"1 Sí, 2 No"
P6_9_6,"6.9 ¿Para qué usa la computadora, laptop o tablet?
 Otro uso",Varchar2 ,1,[1-2],"1 Sí, 2 No"
P6_9A,"6.9 ¿Para qué usa la computadora, laptop o tablet?
Otro uso Especifique",Varchar2 ,100,[A-Z],
P7_1,"7.1 En los últimos tres meses, ¿ha utilizado Internet en este hogar o fuera de él?",Varchar2 ,1,[1-2],"1 Sí, 2 No"
P7_2,7.2 ¿Por qué no utiliza Internet?,Varchar2 ,1,[1-8],"1 No tiene acceso, aunque sabe utilizarlo, 2 No sabe utilizarlo, 3 No le interesa o no lo necesita, 4 Por falta de recursos económicos, 5 Por discapacidad física o mental, 6 Por razones relacionadas con la privacidad o seguridad, 7 No le permiten usarlo, 8 Otra razón"
P7_2A,"7.2 ¿Por qué no utiliza Internet?
 Otra razón Especifique",Varchar2 ,100,[A-Z],
P7_3,"7.3 Generalmente, ¿con qué frecuencia hace uso del Internet?",Varchar2 ,1,[1-5],"1 Diario (7 día a la semana), 2 Al menos una vez a la semana, 3 Al menos una vez al mes, 4 Al menos una vez cada tres meses, 5 Con otra frecuencia menor"
P7_4,"7.4 En promedio, ¿cuántas horas al día utiliza Internet?",Varchar2 ,2,[01-12],"01 Una hora o menos, 12 Doce horas o más"
P7_5_1,"7.5 ¿Se conecta a Internet por medio de…
 computadora de escritorio?",Varchar2 ,1,[1-2],"1 Sí, 2 No"
P7_5_2,"7.5 ¿Se conecta a Internet por medio de…
 computadora portátil (laptop, notebook)?",Varchar2 ,1,[1-2],"1 Sí, 2 No"
P7_5_3,"7.5 ¿Se conecta a Internet por medio de…
 tablet?",Varchar2 ,1,[1-2],"1 Sí, 2 No"
P7_5_4,"7.5 ¿Se conecta a Internet por medio de…
 celular inteligente (Smartphone)?",Varchar2 ,1,[1-2],"1 Sí, 2 No"
P7_5_5,"7.5 ¿Se conecta a Internet por medio de…
 televisión con acceso a Internet (Smart TV), o algún dispositivo conectado a ésta?",Varchar2 ,1,[1-2],"1 Sí, 2 No"
P7_5_6,"7.5 ¿Se conecta a Internet por medio de…
 consola de videojuego?",Varchar2 ,1,[1-2],"1 Sí, 2 No"
P7_5_7,"7.5 ¿Se conecta a Internet por medio de…
 Otro equipo?",Varchar2 ,1,[1-2],"1 Sí, 2 No"
P7_5A,"7.5 ¿Se conecta a Internet por medio de…
Otro equipo? Especifique",Varchar2 ,100,[A-Z],
P7_6,7.6 ¿Desde hace cuánto tiempo utiliza Internet?,Varchar2 ,1,[1-5],"1 Menos de 1 año, 2 Entre 1 y hasta 2 años, 3 Más de 2 y hasta 5 años, 4 Más de 5 años, 5 No recuerda"
P7_7_1,"7.7 ¿Ha utilizado internet en…
 el hogar ?",Varchar2 ,1,[1-2],"1 Sí, 2 No"
P7_7_2,"7.7 ¿Ha utilizado internet en…
 el trabajo?",Varchar2 ,1,[1-2],"1 Sí, 2 No"
P7_7_3,"7.7 ¿Ha utilizado internet en…
 la escuela o institución educativa?",Varchar2 ,1,[1-2],"1 Sí, 2 No"
P7_7_4,"7.7 ¿Ha utilizado internet en…
 un sitio público con costo?",Varchar2 ,1,[1-2],"1 Sí, 2 No"
P7_7_5,"7.7 ¿Ha utilizado internet en…
 un sitio público sin costo?",Varchar2 ,1,[1-2],"1 Sí, 2 No"
P7_7_6,"7.7 ¿Ha utilizado internet en…
 casa de otra persona (amigo o familiar)?",Varchar2 ,1,[1-2],"1 Sí, 2 No"
P7_7_7,"7.7 ¿Ha utilizado internet en…
 cualquier lugar mediante una conexión móvil (incluye Smartphone)?",Varchar2 ,1,[1-2],"1 Sí, 2 No"
P7_7_8,"7.7 ¿Ha utilizado internet en…
 Otro lugar?",Varchar2 ,1,[1-2],"1 Sí, 2 No"
P7_7A,"7.7 ¿Ha utilizado internet en…
 Especifique",Varchar2 ,100,[A-Z],
P7_8_1,"7.8 En los últimos tres meses, ¿ha buscado en Internet información sobre…
 salud?",Varchar2 ,1,[1-2],"1 Sí, 2 No"
P7_8_2,"7.8 En los últimos tres meses, ¿ha buscado en Internet información sobre…
 empleos, bolsas de trabajo (solo para elegido de 15 años o más)?",Varchar2 ,1,[1-2],"1 Sí, 2 No"
P7_8_3,"7.8 En los últimos tres meses, ¿ha buscado en Internet información sobre…
 educación, investigación o tareas?",Varchar2 ,1,[1-2],"1 Sí, 2 No"
P7_8_4,"7.8 En los últimos tres meses, ¿ha buscado en Internet información sobre…
 viajes, hoteles y vuelos?",Varchar2 ,1,[1-2],"1 Sí, 2 No"
P7_8_5,"7.8 En los últimos tres meses, ¿ha buscado en Internet información sobre…
 páginas de blogs?",Varchar2 ,1,[1-2],"1 Sí, 2 No"
P7_8_6,"7.8 En los últimos tres meses, ¿ha buscado en Internet información sobre…
 cursos en línea?",Varchar2 ,1,[1-2],"1 Sí, 2 No"
P7_8_7,"7.8 En los últimos tres meses, ¿ha buscado en Internet información sobre…
 bienes o servicios?",Varchar2 ,1,[1-2],"1 Sí, 2 No"
P7_8_8,"7.8 En los últimos tres meses, ¿ha buscado en Internet información sobre…
 rutas y ubicación (GPS)?",Varchar2 ,1,[1-2],"1 Sí, 2 No"
P7_8_9,"7.8 En los últimos tres meses, ¿ha buscado en Internet información sobre…
 clima?",Varchar2 ,1,[1-2],"1 Sí, 2 No"
P7_8_10,"7.8 En los últimos tres meses, ¿ha buscado en Internet información sobre…
 otro tipo de información?",Varchar2 ,1,[1-2],"1 Sí, 2 No"
P7_8A,"7.8 En los últimos tres meses, ¿ha buscado en Internet información sobre…
 otro tipo de información? Especifique",Varchar2 ,100,[A-Z],
P7_9_1,"7.9 En los últimos tres meses, ¿ha utilizado el Internet para…
 realizar capacitación para el trabajo?",Varchar2 ,1,[1-2],"1 Sí, 2 No"
P7_9_2,"7.9 En los últimos tres meses, ¿ha utilizado el Internet para…
 tomar cursos para complementar la educación (como apoyo al estudio)?",Varchar2 ,1,[1-2],"1 Sí, 2 No"
P7_9_3,"7.9 En los últimos tres meses, ¿ha utilizado el Internet para…
 tomar tutoriales sobre cualquier tema de interés (a través de YouTube o de otras plataformas o aplicaciones)?",Varchar2 ,1,[1-2],"1 Sí, 2 No"
P7_9_4,"7.9. En los últimos tres meses, ¿ha utilizado el Internet para…
 otro tipo de capacitaciones?",Varchar2 ,1,[1-2],"1 Sí, 2 No"
P7_9A,"7.9 En los últimos tres meses, ¿ha utilizado el Internet para…
 otro tipo de capacitaciones? Especifique",Varchar2 ,100,[A-Z],
P7_10_1,"7.10 En los últimos tres meses, ¿ha utilizado el internet para…
 enviar correos electrónicos?",Varchar2 ,1,[1-2],"1 Sí, 2 No"
P7_10_2,"7.10 En los últimos tres meses, ¿ha utilizado el internet para…
 realizar conversaciones telefónicas (a través de Skype o WhatsApp)?",Varchar2 ,1,[1-2],"1 Sí, 2 No"
P7_10_3,"7.10 En los últimos tres meses, ¿ha utilizado el internet para…
 enviar mensajes instantáneos (WhatsApp, Messenger, Twitter, etcétera)?",Varchar2 ,1,[1-2],"1 Sí, 2 No"
P7_10_4,"7.10 En los últimos tres meses, ¿ha utilizado el internet para…
 Otro medio de comunicación)?",Varchar2 ,1,[1-2],"1 Sí, 2 No"
P7_10A,"7.10 En los últimos tres meses, ¿ha utilizado el internet para…
 Otro medio de comunicación)? Especifique",Varchar2 ,100,[A-Z],
P7_11_1,"7.11 En los últimos tres meses, ¿en Internet…
 leyó periódicos, revistas o libros?",Varchar2 ,1,[1-2],"1 Sí, 2 No"
P7_11_2,"7.11 En los últimos tres meses, ¿en Internet…
 vio películas, series, conciertos y otros audiovisuales de pago (Netflix, Clarovideo, Blim, OTT, etcétera)?",Varchar2 ,1,[1-2],"1 Sí, 2 No"
P7_11_3,"7.11 En los últimos tres meses, ¿en Internet…
 vio películas, series, conciertos y otros audiovisuales gratuitos (Youtube)?",Varchar2 ,1,[1-2],"1 Sí, 2 No"
P7_11_4,"7.11 En los últimos tres meses, ¿en Internet…
 escuchó música gratis que no sea radio AM y FM (Spotify, Google music, etcétera)?",Varchar2 ,1,[1-2],"1 Sí, 2 No"
P7_11_5,"7.11 En los últimos tres meses, ¿en Internet…
 jugó en línea?",Varchar2 ,1,[1-2],"1 Sí, 2 No"
P7_11_6,"7.11 En los últimos tres meses, ¿en Internet…
 escucho contenidos de radio AM o FM?",Varchar2 ,1,[1-2],"1 Sí, 2 No"
P7_11_7,"7.11 En los últimos tres meses, ¿en Internet…
accedió a TV en la web (canales abiertos por internet: Tv Azteca en vivo)?",Varchar2 ,1,[1-2],"1 Sí, 2 No"
P7_11_8,"7.11 En los últimos tres meses, ¿en Internet…
 Otro tipo de entretenimiento?",Varchar2 ,1,[1-2],"1 Sí, 2 No"
P7_11A,"7.10 En los últimos tres meses, ¿en Internet…
 Otro tipo de entretenimiento? Especifique",Varchar2 ,100,[A-Z],
P7_12,"7.12 En los últimos tres meses, ¿usted ha creado o desarrollado sitios de Internet o blogs?",Varchar2 ,1,[1-2],"1 Sí, 2 No"
P7_13,"7.13 En los últimos tres meses, ¿ha usado redes sociales?",Varchar2 ,1,[1-2],"1 Sí, 2 No"
P7_14_1,"7.14 ¿Qué redes sociales utiliza?
 Facebook",Varchar2 ,1,[1-2],"1 Sí, 2 No"
P7_14_2,"7.14 ¿Qué redes sociales utiliza?
 Twitter",Varchar2 ,1,[1-2],"1 Sí, 2 No"
P7_14_3,"7.14 ¿Qué redes sociales utiliza?
 Instagram",Varchar2 ,1,[1-2],"1 Sí, 2 No"
P7_14_4,"7.14 ¿Qué redes sociales utiliza?
 LinkedIn",Varchar2 ,1,[1-2],"1 Sí, 2 No"
P7_14_5,"7.14 ¿Qué redes sociales utiliza?
 Snapchat",Varchar2 ,1,[1-2],"1 Sí, 2 No"
P7_14_6,"7.14 ¿Qué redes sociales utiliza?
Whatsapp",Varchar2 ,1,[1-2],"1 Sí, 2 No"
P7_14_7,"7.14 ¿Qué redes sociales utiliza?
Youtube",Varchar2 ,1,[1-2],"1 Sí, 2 No"
P7_14_8,"7.14 ¿Qué redes sociales utiliza?
Pinterest",Varchar2 ,1,[1-2],"1 Sí, 2 No"
P7_14_9,"7.14 ¿Qué redes sociales utiliza?
Messenger",Varchar2 ,1,[1-2],"1 Sí, 2 No"
P7_14_10,"7.14 ¿Qué redes sociales utiliza?
Tumblr",Varchar2 ,1,[1-2],"1 Sí, 2 No"
P7_14_11,"7.14 ¿Qué redes sociales utiliza?
Otras redes",Varchar2 ,1,[1-2],"1 Sí, 2 No"
P7_14A,"7.14 ¿Qué redes sociales utiliza?
Otras redes Especifique",Varchar2 ,100,[A-Z],
P7_15_1,"7.15 En los últimos tres meses, ¿ha utilizado Internet para…
 descargar software o aplicaciones?",Varchar2 ,1,[1-2],"1 Sí, 2 No"
P7_15_2,"7.15 En los últimos tres meses, ¿ha utilizado Internet para…
 utilizar servicios en la nube (Dropbox, hosting o alojamiento de paga o gratuitos)?",Varchar2 ,1,[1-2],"1 Sí, 2 No"
P7_16_1,"7.16 En los últimos tres meses ¿ha tenido en los equipos que utiliza para conectarse a Internet...
 infección por virus?",Varchar2 ,1,[1-2],"1 Sí, 2 No"
P7_16_2,"7.16 En los últimos tres meses ¿ha tenido en los equipos que utiliza para conectarse a Internet...
 exceso de información no deseada?",Varchar2 ,1,[1-2],"1 Sí, 2 No"
P7_16_3,"7.16 En los últimos tres meses ¿ha tenido en los equipos que utiliza para conectarse a Internet...
 interrupciones en el servicio?",Varchar2 ,1,[1-2],"1 Sí, 2 No"
P7_16_4,"7.16 En los últimos tres meses ¿ha tenido en los equipos que utiliza para conectarse a Internet...
 lentitud en la transferencia de la información?",Varchar2 ,1,[1-2],"1 Sí, 2 No"
P7_16_5,"7.16 En los últimos tres meses ¿ha tenido en los equipos que utiliza para conectarse a Internet...
 fraudes con información (financiera, personal, etcétera)?",Varchar2 ,1,[1-2],"1 Sí, 2 No"
P7_16_6,"7.16 En los últimos tres meses ¿ha tenido en los equipos que utiliza para conectarse a Internet...
 violación a la privacidad?",Varchar2 ,1,[1-2],"1 Sí, 2 No"
P7_16_7,"7.16 En los últimos tres meses ¿ha tenido en los equipos que utiliza para conectarse a Internet...
 mensajes de personas desconocidas?",Varchar2 ,1,[1-2],"1 Sí, 2 No"
P7_16_8,"7.16 En los últimos tres meses ¿ha tenido en los equipos que utiliza para conectarse a Internet...
 Otro problema?",Varchar2 ,1,[1-2],"1 Sí, 2 No"
P7_16A,"7.16 En los últimos tres meses ¿ha tenido en los equipos que utiliza para conectarse a Internet...
 Otro problema? Especifique",Varchar2 ,100,[A-Z],
P7_17,"7.17 En los últimos 12 meses, ¿ha realizado ventas por Internet?",Varchar2 ,1,[1-2],"1 Sí, 2 No"
P7_18,7.18 Generalmente ¿con qué frecuencia realiza ventas por Internet?,Varchar2 ,1,[1-6],"1 Diario (7 días a la semana), 2 Al menos una vez a la semana, 3 Una vez cada  quince días, 4 Una vez al mes, 5 Al menos una vez cada seis meses, 6 Al menos una vez al año"
P7_19,"7.19 En los últimos 12 meses, ¿ha realizado compras por Internet? (Excluya compras por motivo de trabajo e incluya las realizadas por su negocio)",Varchar2 ,1,[1-2],"1 Sí, 2 No"
P7_20_1,"7.20 ¿Por qué no ha realizado compras por Internet?
 Prefiere comprar en persona",Varchar2 ,1,[1-2],"1 Sí, 2 No"
P7_20_2,"7.20 ¿Por qué no ha realizado compras por Internet?
 No le interesa o no lo necesita",Varchar2 ,1,[1-2],"1 Sí, 2 No"
P7_20_3,"7.20 ¿Por qué no ha realizado compras por Internet?
 Por falta de recursos económicos",Varchar2 ,1,[1-2],"1 Sí, 2 No"
P7_20_4,"7.20 ¿Por qué no ha realizado compras por Internet?
 Desconfía de la calidad del producto que recibirá",Varchar2 ,1,[1-2],"1 Sí, 2 No"
P7_20_5,"7.20 ¿Por qué no ha realizado compras por Internet?
 Desconfía de la seguridad del proceso de compra (privacidad de los datos, robo de identidad o de datos de tarjetas)",Varchar2 ,1,[1-2],"1 Sí, 2 No"
P7_20_6,"7.20 ¿Por qué no ha realizado compras por Internet?
 No cuenta con la tarjeta de crédito, débito o servicios de Banca en línea",Varchar2 ,1,[1-2],"1 Sí, 2 No"
P7_20_7,"7.20 ¿Por qué no ha realizado compras por Internet?
 No sabe como hacerlo",Varchar2 ,1,[1-2],"1 Sí, 2 No"
P7_20_8,"7.20 ¿Por qué no ha realizado compras por Internet?
 No le permiten realizarlo",Varchar2 ,1,[1-2],"1 Sí, 2 No"
P7_20_9,"7.20 ¿Por qué no ha realizado compras por Internet?
 No se considera con la edad suficiente para hacerlo",Varchar2 ,1,[1-2],"1 Sí, 2 No"
P7_20_10,"7.20 ¿Por qué no ha realizado compras por Internet?
 Otra razón",Varchar2 ,1,[1-2],"1 Sí, 2 No"
P7_20A,"7.20 ¿Por qué no ha realizado compras por Internet?
Otra razón Especifique",Varchar2 ,100,[A-Z],
P7_21,"7.21 Por lo general, ¿con que frecuencia realiza compras por Internet?",Varchar2 ,1,[1-6],"1 Diario (7 días a la semana), 2 Al menos una vez a la semana, 3 Una vez cada quince días, 4 Una vez al mes, 5 Al menos una vez cada seis meses, 6 Al menos una vez al año"
P7_22_1,"7.22 En los últimos 12 meses, ¿usted ha comprado por Internet…
 libros (incluye libros electrónicos)?",Varchar2 ,1,[1-2],"1 Sí, 2 No"
P7_22_2,"7.22 En los últimos 12 meses, ¿usted ha comprado por Internet…
 música y videos?",Varchar2 ,1,[1-2],"1 Sí, 2 No"
P7_22_3,"7.22 En los últimos 12 meses, ¿usted ha comprado por Internet…
 computadoras, laptops o tablets?",Varchar2 ,1,[1-2],"1 Sí, 2 No"
P7_22_4,"7.22 En los últimos 12 meses, ¿usted ha comprado por Internet…
 celulares o accesorios?",Varchar2 ,1,[1-2],"1 Sí, 2 No"
P7_22_5,"7.22 En los últimos 12 meses, ¿usted ha comprado por Internet…
 programas y/o aplicaciones (software)?",Varchar2 ,1,[1-2],"1 Sí, 2 No"
P7_22_6,"7.22 En los últimos 12 meses, ¿usted ha comprado por Internet…
 alimentos y bebidas?",Varchar2 ,1,[1-2],"1 Sí, 2 No"
P7_22_7,"7.22 En los últimos 12 meses, ¿usted ha comprado por Internet…
 entradas o reservaciones de eventos de entretenimiento (deporte, teatro, conciertos)?",Varchar2 ,1,[1-2],"1 Sí, 2 No"
P7_22_8,"7.22 En los últimos 12 meses, ¿usted ha comprado por Internet…
productos de viaje?",Varchar2 ,1,[1-2],"1 Sí, 2 No"
P7_22_9,"7.22 En los últimos 12 meses, ¿usted ha comprado por Internet…
 aparatos electrónicos?",Varchar2 ,1,[1-2],"1 Sí, 2 No"
P7_22_10,"7.22 En los últimos 12 meses, ¿usted ha comprado por Internet…
 productos de higiene personal, belleza y cosméticos?",Varchar2 ,1,[1-2],"1 Sí, 2 No"
P7_22_11,"7.22 En los últimos 12 meses, ¿usted ha comprado por Internet…
artículos de uso personal, incluyendo ropa y accesorios?",Varchar2 ,1,[1-2],"1 Sí, 2 No"
P7_22_12,"7.22 En los últimos 12 meses, ¿usted ha comprado por Internet…
 artículos para el hogar?",Varchar2 ,1,[1-2],"1 Sí, 2 No"
P7_22_13,"7.22 En los últimos 12 meses, ¿usted ha comprado por Internet…
 vehículos o refacciones?",Varchar2 ,1,[1-2],"1 Sí, 2 No"
P7_22_14,"7.22 En los últimos 12 meses, ¿usted ha comprado por Internet…
productos financieros (acciones, seguros y planes de ahorro)?",Varchar2 ,1,[1-2],"1 Sí, 2 No"
P7_22_15,"7.22 En los últimos 12 meses, ¿usted ha comprado por Internet…
consolas de videojuegos y juegos?",Varchar2 ,1,[1-2],"1 Sí, 2 No"
P7_22_16,"7.22 En los últimos 12 meses, ¿usted ha comprado por Internet…
artículos de salud (medicinas, aparatos ortopédicos, instrumentos médicos, etc.)?",Varchar2 ,1,[1-2],"1 Sí, 2 No"
P7_22_17,"7.22 En los últimos 12 meses, ¿usted ha comprado por Internet…
equipo fotográfico, de telecomunicaciones o equipos ópticos?",Varchar2 ,1,[1-2],"1 Sí, 2 No"
P7_22_18,"7.22 En los últimos 12 meses, ¿usted ha comprado por Internet…
servicio de transporte por plataforma (Uber, DiDi, etc.)?",Varchar2 ,1,[1-2],"1 Sí, 2 No"
P7_22_19,"7.22 En los últimos 12 meses, ¿usted ha comprado por Internet…
 Otro producto?",Varchar2 ,1,[1-2],"1 Sí, 2 No"
P7_22A,"7.22 En los últimos 12 meses, ¿usted ha comprado por Internet… 
Otro producto Especifique",Varchar2 ,100,[A-Z],
P7_23,7.23 ¿El sitio de Internet donde ha realizado las compras es…,Varchar2 ,1,"[1-3],9","1 nacional?, 2 extranjero?, 3 ambos?, 9 No sabe"
P7_24_1,"7.24 ¿Cuál ha sido el medio de entrega por el que ha obtenido las compras que realizó en Internet?
Entrega directa al comprador mediante servicio de paquetería",Varchar2 ,1,[1-2],"1 Sí, 2 No"
P7_24_2,"7.24 ¿Cuál ha sido el medio de entrega por el que ha obtenido las compras que realizó en Internet?
Entrega directa del vendedor al comprador",Varchar2 ,1,[1-2],"1 Sí, 2 No"
P7_24_3,"7.24 ¿Cuál ha sido el medio de entrega por el que ha obtenido las compras que realizó en Internet?
Entrega en el punto de venta o distribución",Varchar2 ,1,[1-2],"1 Sí, 2 No"
P7_24_4,"7.24 ¿Cuál ha sido el medio de entrega por el que ha obtenido las compras que realizó en Internet?
Entrega en línea mediante descargas (aplicaciones, música, película, libros, servicios, etc.)",Varchar2 ,1,[1-2],"1 Sí, 2 No"
P7_24_5,"7.24 ¿Cuál ha sido el medio de entrega por el que ha obtenido las compras que realizó en Internet?
Otro medio",Varchar2 ,1,[1-2],"1 Sí, 2 No"
P7_24A,"7.24 ¿Cuál ha sido el medio de entrega por el que ha obtenido las compras que realizó en Internet?
Otro medio Especifique",Varchar2 ,100,[A-Z],
P7_25,"7.25 En los últimos 12 meses, ¿tuvo algún problema al realizar las compras?",Varchar2 ,1,[1-2],"1 Sí, 2 No"
P7_26_1,"7.26 ¿El problema que tuvo fue…
 relacionado con la entrega?",Varchar2 ,1,[1-2],"1 Sí, 2 No"
P7_26_2,"7.26 ¿El problema que tuvo fue…
 con la seguridad del pago?",Varchar2 ,1,[1-2],"1 Sí, 2 No"
P7_26_3,"7.26 ¿El problema que tuvo fue con…
 la seguridad de los datos personales?",Varchar2 ,1,[1-2],"1 Sí, 2 No"
P7_26_4,"7.26 ¿El problema que tuvo fue con…
relacionado con la calidad del producto?",Varchar2 ,1,[1-2],"1 Sí, 2 No"
P7_26_5,"7.26 ¿El problema que tuvo fue con…
relacionado con el estado del producto?",Varchar2 ,1,[1-2],"1 Sí, 2 No"
P7_26_6,"7.26 ¿El problema que tuvo fue…
 Otro Problema?",Varchar2 ,1,[1-2],"1 Sí, 2 No"
P7_26A,"7.26 ¿El problema que tuvo fue… 
Otro problema Especifique",Varchar2 ,100,[A-Z],
P7_27,"7.27 En los últimos 12 meses, ¿ha realizado pagos por Internet, ya sea por compras o algún servicio?",Varchar2 ,1,[1-2],"1 Sí, 2 No"
P7_28,7.28 ¿Por qué no ha realizado pagos por Internet?,Varchar2 ,1,[1-8],"1 Prefiere realizarlo en persona, 2 No le interesa o no lo necesita, 3 Desconfía de la seguridad del proceso de pago (privacidad de los datos, robo de identidad de los datos de la tarjeta), 4 No cuenta con tarjeta de crédito, débito o servicios de Banca en línea, 5 No sabe hacerlo, 6 No le permiten realizarlo, 7 No se considera con la edad suficiente para hacerlo, 8 Otra razón"
P7_28A,"7.28 ¿Por qué no ha realizado pagos por Internet? 
Otra razón Especifique",Varchar2 ,100,[A-Z],
P7_29,7.29 Generalmente ¿con qué frecuencia ha realizado pagos por Internet?,Varchar2 ,1,[1-6],"1 Diario (7 días a la semana), 2 Al menos una vez a la semana, 3 Una vez cada quince días, 4 Una vez al mes, 5 Al menos una vez cada seis meses, 6 Al menos una vez al año"
P7_30_1,"7.30 En los últimos 12 meses los pagos que ha realizado por Internet, ¿ha sido por…
 servicios bancarios o financieros?",Varchar2 ,1,[1-2],"1 Sí, 2 No"
P7_30_2,"7.30 En los últimos 12 meses los pagos que ha realizado por Internet, ¿ha sido por…
 servicios o trámites de gobierno?",Varchar2 ,1,[1-2],"1 Sí, 2 No"
P7_30_3,"7.30 En los últimos 12 meses los pagos que ha realizado por Internet, ¿ha sido por…
 servicios educativos?",Varchar2 ,1,[1-2],"1 Sí, 2 No"
P7_30_4,"7.30 En los últimos 12 meses los pagos que ha realizado por Internet, ¿ha sido por…
 bienes o servicios para el hogar?",Varchar2 ,1,[1-2],"1 Sí, 2 No"
P7_30_5,"7.30 En los últimos 12 meses los pagos que ha realizado por Internet, ¿ha sido por…
 bienes o servicios personales?",Varchar2 ,1,[1-2],"1 Sí, 2 No"
P7_30_6,"7.30 En los últimos 12 meses los pagos que ha realizado por Internet, ¿ha sido por…
 otros pagos?",Varchar2 ,1,[1-2],"1 Sí, 2 No"
P7_30A,"7.30 En los últimos 12 meses los pagos que ha realizado por Internet, ¿ha sido por… 
Otros pagos Especifique",Varchar2 ,100,[A_Z],
P7_31_1,"7.31 ¿Su pago por Internet ha sido con…
 tarjeta de débito?",Varchar2 ,1,[1-2],"1 Sí, 2 No"
P7_31_2,"7.31 ¿Su pago por Internet ha sido con…
 tarjeta de crédito?",Varchar2 ,1,[1-2],"1 Sí, 2 No"
P7_31_3,"7.31 ¿Su pago por Internet ha sido con…
 transferencias bancarias?",Varchar2 ,1,[1-2],"1 Sí, 2 No"
P7_31_4,"7.31 ¿Su pago por Internet ha sido con…
 medios electrónicos como Paypal o Mercado pago?",Varchar2 ,1,[1-2],"1 Sí, 2 No"
P7_31_5,"7.31 ¿Su pago por Internet ha sido con…
 tarjeta de regalo o un vale de prepago en línea?",Varchar2 ,1,[1-2],"1 Sí, 2 No"
P7_31_6,"7.31 ¿Su pago por Internet ha sido con…
 mediante sistema de Cobro Digital (CoDi)?",Varchar2 ,1,[1-2],"1 Sí, 2 No"
P7_31_7,"7.31 ¿Su pago por Internet ha sido con…
 Otro medio?",Varchar2 ,1,[1-2],"1 Sí, 2 No"
P7_31A,"7.31 ¿Su pago por Internet ha sido con… 
Otro medio Especifique",Varchar2 ,100,[A_Z],
P7_32,"7.32 En los últimos tres meses, ¿ha hecho uso de la Banca electrónica?",Varchar2 ,1,[1-2],"1 Sí, 2 No"
P7_33_1,"7.33 ¿Las operaciones que ha realizado en la Banca electrónica en los últimos tres meses son…
 consultas de saldo?",Varchar2 ,1,[1-2],"1 Sí, 2 No"
P7_33_2,"7.33 ¿Las operaciones que ha realizado en la Banca electrónica en los últimos tres meses son…
 transferencias?",Varchar2 ,1,[1-2],"1 Sí, 2 No"
P7_33_3,"7.33 ¿Las operaciones que ha realizado en la Banca electrónica en los últimos tres meses son…
 pago de servicios (luz, agua, etcétera)?",Varchar2 ,1,[1-2],"1 Sí, 2 No"
P7_33_4,"7.33 ¿Las operaciones que ha realizado en la Banca electrónica en los últimos tres meses son…
 compra de tiempo aire?",Varchar2 ,1,[1-2],"1 Sí, 2 No"
P7_33_5,"7.33 ¿Las operaciones que ha realizado en la Banca electrónica en los últimos tres meses son…
 Otras operaciones bancarias?",Varchar2 ,1,[1-2],"1 Sí, 2 No"
P7_33A,"7.33 ¿Las operaciones que ha realizado en la Banca electrónica en los últimos tres meses son…
Otras operaciones bancarias Especifique",Varchar2 ,100,[A-Z],
P7_34_1,"7.34 En los últimos 12 meses, ¿ha utilizado usted el Internet para…
 comunicarse con el gobierno?",Varchar2 ,1,[1-2],"1 Sí, 2 No"
P7_34_2,"7.34 En los últimos 12 meses, ¿ha utilizado usted el Internet para…
 consultar información del gobierno?",Varchar2 ,1,[1-2],"1 Sí, 2 No"
P7_34_3,"7.34 En los últimos 12 meses, ¿ha utilizado usted el Internet para…
 descargar formatos del gobierno?",Varchar2 ,1,[1-2],"1 Sí, 2 No"
P7_34_4,"7.34 En los últimos 12 meses, ¿ha utilizado usted el Internet para…
 realizar trámites del gobierno?",Varchar2 ,1,[1-2],"1 Sí, 2 No"
P7_34_5,"7.34 En los últimos 12 meses, ¿ha utilizado usted el Internet para…
 Otra interacción?",Varchar2 ,1,[1-2],"1 Sí, 2 No"
P7_34A,"7.34 En los últimos 12 meses, ¿ha utilizado usted el Internet para…
 Otra interacción Especifique",Varchar2 ,100,[A-Z],
P7_35_1,"7.35 En los últimos 12 meses por Internet, ¿ha realizado usted…
 declaración de impuestos?",Varchar2 ,1,[1-2],"1 Sí, 2 No"
P7_35_2,"7.35 En los últimos 12 meses por Internet, ¿ha realizado usted…
 gestión o solicitud de documentos personales como CURP, credencial de elector, cédula profesional, pasaporte, etcétera?",Varchar2 ,1,[1-2],"1 Sí, 2 No"
P7_35_3,"7.35 En los últimos 12 meses por Internet, ¿ha realizado usted…
 trámites de instituciones de educación pública como inscripciones, solicitud de historial académico, etcétera?",Varchar2 ,1,[1-2],"1 Sí, 2 No"
P7_35_4,"7.35 En los últimos 12 meses por Internet, ¿ha realizado usted…
citas médicas en instituciones públicas (IMSS,ISSSTE, etc.)",Varchar2 ,1,[1-2],"1 Sí, 2 No"
P7_35_5,"7.35 En los últimos 12 meses por Internet, ¿ha realizado usted…
Otros trámites",Varchar2 ,1,[1-2],"1 Sí, 2 No"
P7_35A,"7.35 En los últimos 12 meses por Internet, ¿ha realizado usted… 
Otros trámites Especifique",Varchar2 ,100,[A-Z],
P7_36,"7.36 En los últimos 12 meses, ¿con que frecuencia ha realizado las consultas o trámites de gobierno?",Varchar2 ,1,[1-5],"1 Mensualmente (1 o más veces al mes), 2 Bimestralmente, 3 Trimestralmente, 4 Semestralmente, 5 Anualmente"
FAC_PER,Factor,Number,20,[64-33613],Factor
UPM_DIS,Unidad primaria de muestreo,Varchar2,5,[00001-08235],Unidad primaria de muestreo
EST_DIS,Estrato de diseño muestral,Varchar2,3,[001-340],Estrato de diseño muestral
DOMINIO,Población rural y urbana,Varchar2,1,"[U,R]",Población rural y urbana
TLOC,Tamaño de la Localidad,Varchar2,1,[1-4],"1 100,000 y más habitantes, 2 15,000 a 99,999 habitantes, 3 2,500 a 14,999 habitantes, 4 menor a 2500 habitantes"
ESTRATO,Estrato socioeconómico,Varchar2,1,[1-4],"1 Bajo, 2 Medio bajo, 3 Medio alto, 4 Alto"
PAREN,3.3 ¿Qué es (NOMBRE) del jefe(a) del hogar?,Varchar2,1,[1-6],"1 Jefe(a), 2 Esposo(a) o compañero(a), 3 Hijo(a), 4 Nieto(a), 5 Otro parentesco, 6 Sin parentesco"
SEXO,3.4 (NOMBRE) es hombre (NOMBRE) es mujer,Varchar2,1,[1-2],"1 Hombre, 2 Mujer"
NIVEL,"3.8 ¿Hasta qué año o grado aprobó (NOMBRE) en la escuela? 
Nivel",Varchar2 ,2,"[00-11],99","00 Ninguno, 01 Preescolar o kínder, 02 Primaria, 03 Secundaria, 04 Normal básica, , 05 Estudio técnico terminal con secundaria, 06 Preparatoria o bachillerato, 07 Estudio técnico superior con preparatoria terminada, 08 Licenciatura o ingeniería, 09 Especialidad, 10 Maestría, 11 Doctorado, 99 No sabe"
GRADO,"3.8 ¿Hasta qué año o grado aprobó (NOMBRE) en la escuela? 
Grado",Varchar2 ,1,[0-9],
ENT,Entidad,Varchar2,2,[01-32],"01 Aguascalientes, 02 Baja California, 03 Baja California Sur, 04 Campeche, 05 Coahuila de Zaragoza, 06 Colimia, 07 Chiapas, 08 Chihuahua, 09 Ciudad de México, 10 Durango, 11 Guanajuato, 12 Guerrero, 13 Hidalgo, 14 Jalisco, 15 Estado de México, 16 Michoacán de Ocampo, 17 Morelos, 18 Nayarit, 19 Nuevo León, 20 Oaxaca, 21 Puebla, 22 Querétaro, 23 Quintana Roo, 24 San Luis Potosí, 25 Sinaloa, 26 Sonora, 27 Tabasco, 28 Tamaulipas, 29 Tlaxcala, 30 Veracruz de Ingancio de la Llave, 31 Yucatán, 32 Zacatecas"
