﻿COLUMNA,DESCRIPCION,TIPO_DATO,LONGITUD,CODIGO_VALIDO,METADATOS
UPM,Unidad primaria de muestreo,Varchar2,7,[0100023-3260794],Unidad primaria de muestreo
VIV_SEL,Vivienda seleccionada,Varchar2,2,[01-42],Vivienda seleccionada 
P1_1,1.1 ¿De qué material es la mayor parte del piso de esta vivienda?,Varchar2,1,[1-3],"1 Tierra, 2 Cemento o firme, 3 Madera, mosaico u otro recubrimiento"
P1_2,1.2 ¿En esta vivienda tienen…,Varchar2,1,[1-6],"1 agua entubada dentro de la vivienda?, 2 agua entubada fuera de la vivienda, pero dentro del terreno?, 3 agua entubada de llave pública (o hidrante)?, 4  agua entubada que acarrean de otra vivienda?, 5 agua de pipa?, 6 agua de un pozo, río, arroyo, lago u otro?"
P1_3,1.3 ¿En esta vivienda tienen drenaje o desagüe conectado a…,Varchar2,1,[1-5],"1 la red pública?, 2 una fosa séptica?, 3 una tubería que va a dar a una barranca o grieta?, 4 una tubería que va a dar a un río, lago o mar?, 5 ¿No tiene drenaje?"
P1_4,1.4 ¿Disponen de energía eléctrica?,Varchar2,1,[1-2],"1 Sí, 2 No"
P1_5_1,1.5 ¿En esta vivienda disponen de refrigerador?,Varchar2,1,[1-2],"1 Sí, 2 No"
P1_5_2,1.5 ¿En esta vivienda disponen de lavadora?,Varchar2,1,[1-2],"1 Sí, 2 No"
P1_5_3,1.5 ¿En esta vivienda disponen de automóvil o camioneta?,Varchar2,1,[1-2],"1 Sí, 2 No"
P2_1,2.1 ¿Cuántas personas viven normalmente en está vivienda contando a los niños chiquitos y a los ancianos? (Incluya también a los trabajadores domésticos  que viven aquí),Number,2,[01-20],Total de personas en la vivienda 
P2_2,2.2 ¿Todas las personas que viven en esta vivienda comparten un mismo gasto para comer?,Varchar2,1,[1-2],"1 Sí, 2 No"
P2_3,"2.3 Entonces, ¿cuántos hogares o grupos de personas tienen gasto separado para comer contando el de usted?",Number,2,[2-5],Número de hogares en la vivienda
FAC_VIV,Factor,Number,5,[64-7567],Factor
UPM_DIS,Unidad primaria de muestreo,Varchar2,5,[00001-08235],Unidad primaria de muestreo
EST_DIS,Estrato de diseño muestral,Varchar2,3,[001-341],Estrato de diseño muestral
DOMINIO,Población rural y urbana,Varchar2,1,"[U,R]",Población rural y urbana
TLOC,Tamaño de la Localidad,Varchar2,1,[1-4],"1 100,000 y más habitantes, 2 15,000 a 99,999 habitantes, 3 2,500 a 14,999 habitantes, 4 menor a 2500 habitantes"
ESTRATO,Estrato socioeconómico,Varchar2,1,[1-4],"1 Bajo, 2 Medio bajo, 3 Medio alto, 4 Alto"
ENT,Entidad ,Varchar2,2,[01-32],"01 Aguascalientes, 02 Baja California, 03 Baja California Sur, 04 Campeche, 05 Coahuila de Zaragoza, 06 Colimia, 07 Chiapas, 08 Chihuahua, 09 Ciudad de México, 10 Durango, 11 Guanajuato, 12 Guerrero, 13 Hidalgo, 14 Jalisco, 15 Estado de México, 16 Michoacán de Ocampo, 17 Morelos, 18 Nayarit, 19 Nuevo León, 20 Oaxaca, 21 Puebla, 22 Querétaro, 23 Quintana Roo, 24 San Luis Potosí, 25 Sinaloa, 26 Sonora, 27 Tabasco, 28 Tamaulipas, 29 Tlaxcala, 30 Veracruz de Ingancio de la Llave, 31 Yucatán, 32 Zacatecas"
