﻿COLUMNA,DESCRIPCION,TIPO_DATO,LONGITUD,CODIGO_VALIDO,METADATOS
UPM,Unidad primaria de muestreo,Varchar2,7,[0100023-3260794],Unidad primaria de muestreo
VIV_SEL,Vivienda seleccionada ,Varchar2,2,[01-42],Vivienda seleccionada 
HOGAR,Número de Hogar en la vivienda,Varchar2,2,[01-05],Número de Hogar en la vivienda
NUM_REN,Número de renglón,Varchar2,2,[01-16],Número de renglón
PAREN,3.3 ¿Qué es (NOMBRE) del jefe(a) del hogar?,Varchar2,1,[1-6],"1 Jefe(a), 2 Esposo(a) o compañero(a), 3 Hijo(a), 4 Nieto(a), 5 Otro parentesco, 6 Sin parentesco"
SEXO,3.4 (NOMBRE) es hombre (NOMBRE) es mujer,Varchar2,1,[1-2],"1 Hombre, 2 Mujer"
EDAD,3.5 ¿Cuántos años cumplidos tiene (NOMBRE)?,Number,2,[00-99],
DIA,3.6 ¿En qué día nació (NOMBRE)?,Varchar2,2,"[01-31, 99]",
MES,3.6 ¿En qué mes nació (NOMBRE)?,Varchar2,2,"[01-12, 99]",
P3_7,3.7 ¿(NOMBRE) asiste actualmente a la escuela?,Varchar2,1,[1-2],"1 Sí, 2 No"
NIVEL,"3.8 ¿Hasta qué año o grado aprobó (NOMBRE) en la escuela? 
Nivel",Varchar2,2,"[00-11],99","00 Ninguno, 01 Preescolar o kínder, 02 Primaria, 03 Secundaria, 04 Normal básica, 05 Estudio técnico terminal con secundaria, 06 Preparatoria o bachillerato, 08 Licenciatura o ingeniería, 09 Especialidad,  10 Maestría, 11 Doctorado, 99 No sabe"
GRADO,"3.8 ¿Hasta qué año o grado aprobó (NOMBRE) en la escuela? 
Grado",Varchar2,1,[0-9],
P3_9_1,"3.9 En los últimos tres meses, ¿(NOMBRE) ha hecho uso de…
 computadora, laptop o tablet?",Varchar2,1,"[1-2],9","1 Sí, 2 No, 9 No sabe"
P3_9_2,"3.9 En los últimos tres meses, ¿(NOMBRE) ha hecho uso de…
 internet?",Varchar2,1,"[1-2],9","1 Sí, 2 No, 9 No sabe"
P3_9_3,"3.9 En los últimos tres meses, ¿(NOMBRE) ha hecho uso de…
 celular?",Varchar2,1,"[1-2],9","1 Sí, 2 No, 9 No sabe"
P3_10,3.10 ¿La semana pasada (NOMBRE)…,Varchar2,1,[1-8],"1 trabajó (por lo menos una hora)?, 2 tenía trabajo, pero no trabajo?, 3 buscó trabajo?, 4 está jubilado(a) o pensionado(a)?, 5 se dedicó a estudiar?, 6 se dedicó a los quehaceres del hogar y/o al cuidado de sus hijos(as) u otro familiar?, 7 es una persona con alguna limitación física o mental que le impide trabajar?, 8 no trabajó?"
P3_11,"3.11 Aunque ya  dijo que (NOMBRE) no trabajó, ¿la semana pasada…",Varchar2,1,[1-4],"1 vendió o hizo algún producto para su venta?, 2 prestó algún servicio a cambio de un pago (cortar cabello, dar clases, lavar ropa ajena)?, 3 ayudó en las tierras o en el negocio de un familiar o de otra persona?, 4 Entonces, ¿no trabajó?"
P3_12,3.12 ¿En su trabajo o actividad de la semana pasada (NOMBRE) fue…,Varchar2,1,[1-6],"1 empleado(a)?, 2 obrero(a)?, 3 jornalero(a) o peón?, 4 trabajador(a) por cuenta propia (no contrata trabajadores(as)?, 5 patrón(a) o empleador(a) (contrata trabajadores(as)?, 6 trabajador(a) sin pago en un negocio familiar o no familiar?"
FAC_HOGAR,Factor,Number,5,[65-7576],Factor
UPM_DIS,Unidad primaria de muestreo,Varchar2,5,[00001-08235],Unidad primaria de muestreo
EST_DIS,Estrato de diseño muestral,Varchar2,3,[001-340],Estrato de diseño muestral
DOMINIO,Población rural y urbana,Varchar2,1,"[U,R]",Población rural y urbana
TLOC,Tamaño de la Localidad,Varchar2,1,[1-4],"1 100,000 y más habitantes, 2 15,000 a 99,999 habitantes, 3 2,500 a 14,999 habitantes, 4 menor a 2500 habitantes"
ESTRATO,Estrato socioeconómico,Varchar2,1,[1-4],"1 Bajo, 2 Medio bajo, 3 Medio alto, 4 Alto"
ENT,Entidad ,Varchar2,2,[01-32],"01 Aguascalientes, 02 Baja California, 03 Baja California Sur, 04 Campeche, 05 Coahuila de Zaragoza, 06 Colimia, 07 Chiapas, 08 Chihuahua, 09 Ciudad de México, 10 Durango, 11 Guanajuato, 12 Guerrero, 13 Hidalgo, 14 Jalisco, 15 Estado de México, 16 Michoacán de Ocampo, 17 Morelos, 18 Nayarit, 19 Nuevo León, 20 Oaxaca, 21 Puebla, 22 Querétaro, 23 Quintana Roo, 24 San Luis Potosí, 25 Sinaloa, 26 Sonora, 27 Tabasco, 28 Tamaulipas, 29 Tlaxcala, 30 Veracruz de Ingancio de la Llave, 31 Yucatán, 32 Zacatecas"
